{"font_family_primary":"---","font_family_second":"---","font_body_weight":"","font_body_size":"","body_bg_image":"","body_bg_color":"","body_bg_position":"","body_bg_repeat":"","text_color":"","link_color":"","link_hover_color":"","topbar_bg":"","topbar_color":"","topbar_color_link":"","topbar_color_link_hover":"","header_bg":"","header_color":"","header_color_link":"","header_color_link_hover":"","menu_bg":"","menu_color_link":"","menu_color_link_hover":"","submenu_background":"","submenu_color":"","submenu_color_link":"","submenu_color_link_hover":"","footer_bg":"","footer_color":"","footer_color_link":"","footer_color_link_hover":"","copyright_bg":"","copyright_color":"","copyright_color_link":"","copyright_color_link_hover":""}